movieId,duration,rating
1,81,3.9209302325581397
2,104,3.4318181818181817
3,101,3.2596153846153846
4,124,2.357142857142857
5,106,3.0714285714285716
6,170,3.946078431372549
7,127,3.185185185185185
8,97,2.875
9,111,3.125
10,130,3.496212121212121
11,114,3.6714285714285713
12,88,2.4210526315789473
13,78,3.125
14,192,3.8333333333333335
15,124,3.0
16,178,3.926829268292683
17,136,3.7761194029850746
18,98,3.7
19,90,2.727272727272727
20,110,2.5
21,105,3.49438202247191
22,123,3.2222222222222223
23,133,3.125
24,111,3.125
25,111,3.625
26,123,3.5
27,102,3.3333333333333335
28,103,4.2272727272727275
29,112,4.0131578947368425
30,108,3.0
31,99,3.1842105263157894
32,129,3.983050847457627
34,91,3.65234375
36,122,3.8358208955223883
38,101,2.125
39,97,3.293269230769231
40,106,4.25
41,110,3.7
42,119,3.0
43,117,3.1875
44,101,2.5434782608695654
45,106,3.3125
46,117,3.066666666666667
47,127,3.9753694581280787
48,81,3.1470588235294117
49,94,3.0
50,106,4.237745098039215
52,95,3.4642857142857144
53,116,5.0
54,100,2.3333333333333335
55,115,4.0
57,103,3.0625
58,108,4.027027027027027
60,96,3.235294117647059
61,101,3.75
62,143,3.70625
63,89,2.7142857142857144
64,96,2.2
65,88,2.532258064516129
66,93,2.5
68,104,3.4
69,91,3.775
70,108,3.5090909090909093
71,91,1.7
72,96,3.2142857142857144
73,175,3.4615384615384617
74,87,4.0
75,90,2.2
76,108,3.4
77,70,4.0
78,111,3.3333333333333335
79,118,2.764705882352941
80,85,4.0
81,115,3.107142857142857
82,102,3.875
83,115,3.0
85,116,3.857142857142857
86,129,3.966666666666667
87,88,2.5
88,87,3.15625
89,90,3.25
92,108,2.625
93,100,2.8333333333333335
94,112,3.95
95,108,3.0238095238095237
96,99,3.5
97,98,3.9
99,106,5.0
100,111,2.7857142857142856
101,91,3.782608695652174
102,96,2.4
103,117,3.0
104,92,3.4393939393939394
105,135,3.282608695652174
106,104,4.0
107,99,3.326923076923077
108,95,4.0
110,178,4.031645569620253
111,114,4.105769230769231
112,104,3.5434782608695654
113,108,3.3333333333333335
116,117,3.9
117,99,3.0
118,92,2.5
119,135,3.0
121,93,4.0
122,117,2.65625
123,102,4.375
125,92,3.5833333333333335
126,95,2.0
128,87,3.0
129,95,2.0
132,95,2.8333333333333335
135,92,2.9516129032258065
137,86,3.0
140,124,3.5
141,117,3.494186046511628
144,98,3.3333333333333335
145,119,3.2450980392156863
146,84,3.3333333333333335
147,102,3.466666666666667
148,112,5.0
149,105,2.0
150,140,3.845771144278607
151,139,3.5454545454545454
152,82,1.5
153,121,2.9160583941605838
154,100,3.875
155,100,2.4166666666666665
156,83,3.3333333333333335
157,91,2.8636363636363638
158,100,2.806451612903226
159,128,2.892857142857143
160,109,2.8771929824561404
161,116,3.6359223300970873
162,119,4.205882352941177
163,104,3.5606060606060606
164,102,3.3214285714285716
165,128,3.5555555555555554
166,83,2.8333333333333335
168,134,3.0833333333333335
169,95,2.4
170,105,3.2285714285714286
171,92,3.8333333333333335
172,103,2.6792452830188678
173,96,2.6693548387096775
174,88,2.7
175,91,3.975
176,90,4.3076923076923075
177,109,2.75
178,100,1.0
179,93,1.5
180,94,3.4027777777777777
181,95,2.264705882352941
183,95,3.5
184,93,3.5
185,114,3.0401785714285716
186,103,2.8229166666666665
187,94,4.125
188,98,3.4583333333333335
189,91,3.0
190,119,2.8
191,135,2.4166666666666665
193,128,2.4714285714285715
194,112,3.6666666666666665
195,106,3.1
196,108,2.6666666666666665
198,145,3.25
199,91,4.125
201,115,3.0
202,111,3.0
203,109,3.4318181818181817
204,100,2.716666666666667
205,93,3.1666666666666665
206,73,3.0
207,102,3.4285714285714284
208,135,2.9130434782608696
209,89,3.1666666666666665
210,98,3.0
211,97,3.5
212,90,3.0
213,135,3.8333333333333335
214,113,4.0
215,101,4.041666666666667
216,89,3.326530612244898
217,90,2.3333333333333335
218,115,3.4285714285714284
219,97,3.0
220,90,3.0
222,103,3.75
223,92,3.855769230769231
224,97,3.6125
225,128,3.5384615384615383
227,101,2.8636363636363638
228,102,2.3333333333333335
229,103,3.4285714285714284
230,132,3.3958333333333335
231,107,3.0601503759398496
232,124,3.892857142857143
233,103,3.5
234,113,2.588235294117647
235,127,3.6785714285714284
236,111,3.477777777777778
237,101,3.340909090909091
238,81,4.0
239,78,3.0
240,106,2.375
241,96,4.0
242,111,3.6
243,90,3.0
246,170,4.293103448275862
247,99,3.9285714285714284
248,113,3.176470588235294
249,121,3.7222222222222223
250,97,2.5
251,111,3.0
252,100,3.453488372093023
253,123,3.458715596330275
254,139,3.0
255,82,2.0714285714285716
256,109,2.8285714285714287
257,102,3.5
258,89,2.6
259,101,3.2
260,121,4.231075697211155
261,115,3.880952380952381
262,97,3.9047619047619047
263,101,4.0
265,105,3.9393939393939394
266,133,3.3970588235294117
267,95,2.9411764705882355
269,92,3.0
270,108,3.4
271,111,3.5
272,110,3.7580645161290325
273,123,2.9464285714285716
274,96,2.9285714285714284
275,97,2.0
276,110,3.25
277,114,3.223684210526316
278,95,1.5
279,128,3.0
280,122,4.076923076923077
281,110,3.7857142857142856
282,112,3.3375
283,98,3.6666666666666665
284,93,4.5
285,89,4.0
287,98,3.0
288,119,3.233695652173913
289,109,3.5625
290,102,4.035714285714286
291,106,2.3333333333333335
292,127,3.4257425742574257
293,110,4.018796992481203
294,113,3.0
295,94,3.0
296,154,4.197068403908795
298,105,2.0
299,105,4.0
300,133,3.5185185185185186
301,94,4.0
302,161,3.2
303,108,2.953125
304,108,3.6666666666666665
305,133,2.8333333333333335
306,99,4.21875
307,94,3.8958333333333335
308,92,4.025
310,85,3.0
311,94,3.0
312,95,1.4444444444444444
313,93,3.3333333333333335
314,103,3.75
315,110,3.0789473684210527
316,116,3.375
317,97,3.2037037037037037
318,142,4.429022082018927
319,89,3.6
320,96,3.0
321,108,4.0
322,93,3.55
324,100,4.0
325,91,2.5
326,133,4.0
327,104,2.823529411764706
328,92,3.15
329,118,3.3935185185185186
330,98,3.0
331,125,3.0
332,98,2.8333333333333335
333,97,3.78
334,119,4.2
335,99,3.5
336,88,3.0
337,118,3.7662337662337664
338,106,2.8421052631578947
339,103,3.4693877551020407
340,126,3.4
341,87,4.0
342,106,3.272727272727273
343,94,2.9
344,86,3.040372670807453
345,104,3.5972222222222223
346,100,3.5
347,139,3.5
348,98,3.5833333333333335
349,141,3.6045454545454545
350,119,3.3859649122807016
351,115,3.176470588235294
352,115,2.5
353,102,3.609375
354,128,3.3333333333333335
355,91,2.357142857142857
356,142,4.164133738601824
357,117,3.5194174757281553
358,128,2.6666666666666665
359,104,3.0
360,123,2.6875
361,101,3.0588235294117645
362,111,3.5294117647058822
363,183,4.0
364,88,3.941860465116279
365,123,3.25
366,112,2.9166666666666665
367,101,3.1847133757961785
368,127,3.5
369,125,4.0
370,83,3.060344827586207
371,112,3.3095238095238093
372,99,2.761904761904762
373,98,3.6363636363636362
374,95,2.2
376,111,3.25
377,116,3.5292397660818713
378,99,2.7857142857142856
379,99,2.5
380,141,3.497191011235955
381,126,3.8181818181818183
382,125,3.15625
383,191,3.0952380952380953
384,108,3.25
385,99,4.0
386,96,3.0
387,100,2.375
388,91,3.0
389,110,4.5
390,83,3.7
391,119,4.5
393,102,2.5
405,99,2.4166666666666665
406,97,3.0
407,95,3.4375
408,105,3.0
409,96,2.0
410,94,3.1011904761904763
412,139,3.5
413,92,2.7884615384615383
414,107,2.3333333333333335
415,108,2.53125
416,99,2.5
417,101,3.6923076923076925
418,122,3.0
419,92,2.675
420,104,2.7203389830508473
421,88,3.2083333333333335
422,106,3.2
423,121,2.85
424,108,1.8333333333333333
425,101,3.75
426,87,3.142857142857143
427,107,2.5416666666666665
428,121,3.7222222222222223
429,80,2.0
430,90,3.75
431,144,3.738095238095238
432,116,2.6454545454545455
433,107,2.75
434,113,3.0346534653465347
435,88,2.4206349206349205
436,121,2.5714285714285716
437,93,2.1666666666666665
438,102,2.7142857142857144
440,110,3.5460526315789473
441,103,3.9285714285714284
442,115,3.0925925925925926
444,106,2.3333333333333335
445,91,3.0
446,171,3.8333333333333335
448,122,3.625
449,88,1.0
450,101,3.0
451,126,4.0
452,101,3.0
453,96,2.8
454,154,3.5346534653465347
455,112,2.391891891891892
456,114,3.75
457,130,3.9921052631578946
458,115,2.8
459,115,2.25
460,109,2.6666666666666665
461,83,2.75
464,97,2.9
466,86,2.8666666666666667
467,95,5.0
468,99,3.2045454545454546
469,145,3.4
470,100,1.0
471,111,3.55
472,115,2.5833333333333335
473,91,1.8571428571428572
474,128,3.692857142857143
475,133,4.3
476,110,1.0
477,118,3.3823529411764706
478,112,2.5
479,110,2.25
480,127,3.75
481,117,3.1578947368421053
482,96,3.625
484,94,3.0
485,130,2.9339622641509435
486,91,3.0
487,98,2.5
488,101,3.0
489,111,2.8636363636363638
490,107,3.0
491,115,3.2941176470588234
492,104,3.75
493,97,3.6666666666666665
494,133,3.3780487804878048
495,109,5.0
496,91,5.0
497,111,3.813953488372093
499,98,2.5
500,125,3.388888888888889
501,131,3.6666666666666665
502,107,2.3666666666666667
504,118,3.0
505,87,2.2142857142857144
506,94,4.5
507,138,3.3846153846153846
508,125,3.6136363636363638
509,121,3.540983606557377
510,109,3.0
511,112,3.0
512,109,3.0
513,108,3.375
514,97,3.4166666666666665
515,134,3.6041666666666665
516,128,3.0555555555555554
517,125,3.2777777777777777
518,118,2.375
519,104,2.4047619047619047
520,104,3.130434782608696
521,110,3.1666666666666665
522,94,3.2857142857142856
523,114,3.5
524,114,3.485294117647059
526,126,4.0
527,195,4.225
528,101,2.3333333333333335
529,109,3.875
531,101,3.25
532,95,3.0
533,108,2.888888888888889
534,131,3.607142857142857
535,188,3.2666666666666666
536,106,3.3333333333333335
537,98,3.1666666666666665
538,112,3.5833333333333335
539,105,3.4716981132075473
540,107,2.6666666666666665
541,117,4.100806451612903
542,95,2.7857142857142856
543,93,3.317073170731707
544,102,2.4375
546,104,2.0
547,96,3.25
548,102,2.75
549,98,4.5
550,93,3.4
551,76,3.553763440860215
552,105,3.262295081967213
553,130,3.8153846153846156
555,119,3.8
556,96,3.3333333333333335
558,80,2.9375
562,88,3.5434782608695654
563,160,4.0
564,102,1.5
567,114,2.0
568,101,3.5
569,119,2.6666666666666665
573,100,3.5
574,100,3.25
575,82,2.65625
577,95,2.125
579,96,3.0
580,97,2.8
581,102,4.0
583,100,4.0
585,90,2.736111111111111
586,103,2.9956896551724137
587,127,3.4347826086956523
588,90,3.7923497267759565
589,137,3.970982142857143
590,181,3.8353658536585367
592,126,3.4285714285714284
593,118,4.161290322580645
594,83,3.616883116883117
595,84,3.7705479452054793
596,88,3.45
597,119,3.4851851851851854
599,145,3.8181818181818183
600,101,4.0
602,60,4.0
605,108,3.0
606,95,3.0
608,98,4.116022099447513
609,88,3.5714285714285716
610,86,3.5454545454545454
611,85,2.4166666666666665
612,98,2.5
613,112,3.1875
615,100,3.0
616,78,3.411111111111111
617,103,2.8333333333333335
618,118,3.0
619,94,2.6
626,108,5.0
627,92,3.3333333333333335
628,129,3.642857142857143
631,82,3.1818181818181817
632,109,4.0
633,80,5.0
634,92,2.25
635,109,3.0
636,88,3.0
637,93,3.0454545454545454
638,110,3.0
639,108,3.0
640,107,2.6818181818181817
645,106,3.5
647,116,3.3275862068965516
648,110,3.537037037037037
649,83,3.0
650,123,3.0
653,103,3.0923076923076924
656,100,3.0
661,79,3.4489795918367347
662,97,3.2857142857142856
663,89,3.2916666666666665
665,170,4.333333333333333
667,90,2.8125
668,125,4.25
670,105,4.75
671,73,3.486111111111111
673,88,2.707547169811321
674,98,3.1666666666666665
678,25,3.8333333333333335
679,109,4.0
680,99,4.125
685,110,4.0
688,107,2.3333333333333335
691,105,3.3333333333333335
692,94,2.0
694,114,2.9545454545454546
695,94,4.0
697,99,2.7
698,102,1.0
700,90,3.2142857142857144
703,86,2.0
704,95,2.5714285714285716
706,99,3.0
707,107,2.880952380952381
708,97,3.3879310344827585
709,74,3.090909090909091
710,91,2.5625
711,95,3.05
714,121,3.966666666666667
715,135,3.6666666666666665
718,107,4.125
719,117,2.842857142857143
720,,4.092592592592593
722,89,4.0
724,101,3.032258064516129
725,91,2.5
726,103,3.0
728,105,3.5
731,132,3.3333333333333335
733,136,3.6404958677685952
735,105,3.9285714285714284
736,113,3.321138211382114
737,98,2.65
741,83,4.148148148148148
742,93,2.8181818181818183
743,81,2.5172413793103448
745,30,3.8958333333333335
747,94,3.3333333333333335
748,115,3.1136363636363638
750,95,4.268041237113402
757,100,4.0
759,105,3.5
760,134,4.25
761,100,2.789473684210526
762,115,2.4146341463414633
764,105,3.5
765,113,3.1578947368421053
766,103,3.5
773,85,3.5
775,121,3.0
778,93,4.03921568627451
779,113,4.0
780,145,3.4455445544554455
781,118,3.5
782,116,3.0
783,91,3.3297872340425534
784,96,2.8055555555555554
785,114,3.369047619047619
786,115,3.109375
788,95,2.731707317073171
790,82,2.0
791,85,4.0
795,102,3.5
798,114,2.7083333333333335
799,110,3.4565217391304346
800,135,4.157894736842105
801,100,3.1363636363636362
802,123,3.3369565217391304
803,86,4.0
804,96,3.25
805,149,3.657142857142857
806,88,1.5
808,109,3.5
809,98,2.3333333333333335
810,93,2.25
813,93,2.8
818,90,3.25
823,86,3.5
824,139,4.0
828,96,3.3333333333333335
829,80,2.6666666666666665
830,103,3.0714285714285716
832,121,3.3378378378378377
833,86,2.0
835,102,3.6666666666666665
836,107,2.8823529411764706
837,98,3.272727272727273
838,120,3.9166666666666665
839,84,2.8333333333333335
840,108,3.375
841,90,3.0
842,87,2.5416666666666665
848,117,3.2857142857142856
849,101,2.9204545454545454
851,107,2.8333333333333335
852,135,3.1744186046511627
858,175,4.2890625
861,96,3.8333333333333335
866,109,4.0
867,89,1.75
869,116,3.6666666666666665
870,94,1.0
875,83,3.5
876,104,5.0
879,110,3.0
880,96,2.740740740740741
881,101,2.1
882,94,2.0
885,110,2.5
886,84,2.6666666666666665
888,71,2.1666666666666665
889,87,4.0
891,87,3.8
892,134,3.5384615384615383
893,114,3.6666666666666665
896,110,2.5
897,170,3.75
898,112,4.310344827586207
899,103,4.074468085106383
900,114,3.7083333333333335
901,103,3.0
902,115,3.8472222222222223
903,128,4.025
904,112,4.261904761904762
905,105,4.321428571428571
906,114,4.142857142857143
907,107,3.5
908,136,4.184210526315789
909,125,3.962962962962963
910,121,4.01
911,113,3.8076923076923075
912,102,4.24
913,100,4.170454545454546
914,170,4.042857142857143
915,113,3.7666666666666666
916,118,4.0576923076923075
917,93,3.5
918,113,4.1
919,102,3.880434782608696
920,238,3.6444444444444444
921,92,3.388888888888889
922,110,4.333333333333333
923,119,4.043478260869565
924,149,3.8944954128440368
926,138,4.229166666666667
927,133,4.0
928,130,4.166666666666667
929,120,3.5
930,102,4.25
931,111,3.8333333333333335
932,115,3.9375
933,106,4.217391304347826
934,92,3.25
935,112,3.8333333333333335
936,110,4.0
937,130,3.5
938,115,3.25
940,102,4.0
941,94,3.75
942,88,4.333333333333333
943,104,3.9285714285714284
944,132,4.0
945,101,4.071428571428571
946,99,2.5
947,94,3.75
948,201,3.9166666666666665
949,118,3.9166666666666665
950,91,3.857142857142857
951,92,4.392857142857143
952,167,3.625
953,130,4.0344827586206895
954,129,4.083333333333333
955,102,3.861111111111111
956,119,4.0
959,83,3.5
961,102,4.0
963,102,3.0
965,86,4.045454545454546
968,96,3.75
969,105,3.9705882352941178
970,89,3.5
971,108,4.1
973,135,3.9
976,80,3.0
979,85,3.0
981,95,3.0
982,115,3.0
984,99,3.5
986,107,3.5384615384615383
987,103,3.0
988,116,3.0
990,101,2.9
991,133,3.3181818181818183
993,119,3.0
994,109,4.181818181818182
996,101,2.5
998,123,3.0
999,104,3.0416666666666665
1003,118,2.5
1004,91,3.0
1005,104,2.1875
1006,113,3.5
1007,100,2.6
1008,93,3.0
1009,97,3.0555555555555554
1010,108,3.0555555555555554
1011,88,2.9375
1012,83,3.4444444444444446
1013,129,3.2083333333333335
1014,134,2.9
1015,84,2.95
1016,104,2.9
1017,126,3.5
1018,116,2.4166666666666665
1019,127,3.4705882352941178
1020,98,3.081081081081081
1021,102,2.3333333333333335
1022,74,3.488095238095238
1023,25,3.6153846153846154
1024,71,3.6666666666666665
1025,79,3.58
1027,143,3.017857142857143
1028,139,3.887323943661972
1029,64,3.3857142857142857
1030,128,2.7666666666666666
1031,117,3.4791666666666665
1032,75,3.375
1033,83,3.575
1034,102,3.1
1035,172,3.9375
1036,132,3.8620689655172415
1037,108,2.7708333333333335
1040,95,3.0
1041,136,4.590909090909091
1042,108,3.2738095238095237
1043,93,2.4
1046,90,4.5
1047,121,3.3181818181818183
1049,110,3.4761904761904763
1050,112,3.9
1051,95,4.0
1053,101,3.0
1054,120,2.0
1055,103,1.5
1056,123,3.0714285714285716
1057,101,3.466666666666667
1059,120,3.7222222222222223
1060,96,3.6944444444444446
1061,147,3.6724137931034484
1064,81,3.1538461538461537
1066,109,4.5
1068,86,3.5
1073,100,3.8739495798319328
1077,89,3.75
1078,82,3.409090909090909
1079,108,3.9225352112676055
1080,94,3.9269662921348316
1081,134,3.5416666666666665
1082,110,3.5833333333333335
1083,160,3.3333333333333335
1084,111,4.071428571428571
1085,86,3.5
1086,105,4.1
1088,100,3.369047619047619
1089,99,4.202290076335878
1090,120,3.984126984126984
1091,97,2.5476190476190474
1092,127,3.1914893617021276
1093,140,3.4054054054054053
1094,112,3.4404761904761907
1095,100,3.6666666666666665
1096,150,4.05
1097,115,3.7663934426229506
1099,69,3.375
1100,107,2.710526315789474
1101,109,3.3012048192771086
1103,111,4.1
1104,122,4.475
1105,85,4.666666666666667
1107,84,2.0
1111,80,4.125
1112,92,4.5
1114,99,3.0
1116,90,4.0
1117,118,3.5
1119,90,3.0
1120,130,3.537037037037037
1121,100,4.0
1123,105,4.25
1124,109,3.6538461538461537
1125,113,3.6875
1126,103,2.8333333333333335
1127,140,3.475806451612903
1128,89,2.5
1129,99,3.448717948717949
1130,91,2.9
1131,120,4.090909090909091
1132,113,4.0625
1135,109,3.1153846153846154
1136,91,4.161764705882353
1137,79,4.0
1140,110,5.0
1144,86,4.0
1147,88,3.9
1148,29,4.035714285714286
1150,112,4.333333333333333
1151,97,5.0
1156,84,3.5
1161,142,3.6666666666666665
1162,154,3.0
1163,128,1.0
1167,112,3.5
1170,90,2.5
1171,102,3.3529411764705883
1172,174,4.161764705882353
1173,124,3.1363636363636362
1175,99,3.8333333333333335
1176,98,4.0
1177,95,4.0
1178,88,4.541666666666667
1179,110,3.6296296296296298
1180,113,3.0
1183,162,3.7111111111111112
1184,96,3.9285714285714284
1185,103,3.95
1186,100,3.5869565217391304
1187,135,3.6
1188,94,3.659090909090909
1189,101,4.0
1190,101,3.1666666666666665
1191,120,3.5
1192,78,4.5
1193,133,4.203007518796992
1194,86,3.590909090909091
1196,124,4.2156398104265405
1197,98,4.232394366197183
1198,115,4.2075
1199,132,4.177966101694915
1200,137,3.9642857142857144
1201,161,4.145833333333333
1202,107,3.857142857142857
1203,96,4.149122807017544
1204,218,4.3
1206,136,3.995833333333333
1207,129,4.120689655172414
1208,147,4.219626168224299
1209,166,4.305555555555555
1210,131,4.137755102040816
1211,128,3.8846153846153846
1212,104,4.229166666666667
1213,145,4.25
1214,117,3.969178082191781
1215,81,4.03921568627451
1216,168,3.4545454545454546
1217,160,4.433333333333334
1218,111,4.0
1219,109,4.036144578313253
1220,133,3.8095238095238093
1221,202,4.25968992248062
1222,116,4.098039215686274
1223,23,4.089285714285714
1224,137,4.0
1225,160,4.184210526315789
1226,129,3.5
1227,229,4.0625
1228,129,4.1875
1230,93,3.8706896551724137
1231,193,3.8636363636363638
1232,162,3.625
1233,149,4.2125
1234,129,3.9765625
1235,91,4.288461538461538
1236,107,4.333333333333333
1237,96,4.222222222222222
1238,111,4.055555555555555
1240,107,3.8969465648854964
1241,104,4.05
1242,122,4.170731707317073
1243,117,3.96875
1244,96,4.106060606060606
1245,115,4.225
1246,128,3.9593023255813953
1247,106,4.063291139240507
1248,95,4.264705882352941
1249,117,4.071428571428571
1250,161,4.122222222222222
1251,138,4.071428571428571
1252,130,4.211864406779661
1253,92,3.82
1254,126,3.65625
1255,91,3.0
1256,69,3.8043478260869565
1257,97,3.685185185185185
1258,146,4.08256880733945
1259,89,4.0054945054945055
1260,117,3.7333333333333334
1261,84,4.044117647058823
1262,172,4.127906976744186
1263,183,3.8255813953488373
1264,117,3.8
1265,101,3.944055944055944
1266,130,4.111111111111111
1267,126,4.25
1268,102,3.611111111111111
1269,118,3.8793103448275863
1270,116,4.038011695906433
1271,130,3.5
1272,172,4.121212121212121
1273,107,4.045454545454546
1274,124,3.7435897435897436
1275,116,3.7291666666666665
1276,127,4.271929824561403
1277,137,4.125
1278,106,3.9927536231884058
1279,129,4.125
1280,125,4.333333333333333
1281,125,4.133333333333334
1282,124,3.7830188679245285
1283,85,4.2105263157894735
1284,114,4.142857142857143
1285,103,3.731707317073171
1286,103,3.0714285714285716
1287,212,3.9411764705882355
1288,82,4.015151515151516
1289,86,3.8636363636363638
1290,95,3.35
1291,127,4.046428571428572
1292,130,3.95
1293,191,3.8333333333333335
1295,171,3.227272727272727
1296,117,3.7058823529411766
1297,108,3.675
1298,95,3.760869565217391
1299,141,4.017857142857143
1300,101,4.166666666666667
1301,98,3.8076923076923075
1302,107,3.517857142857143
1303,129,4.029411764705882
1304,110,3.943548387096774
1305,145,3.5
1306,158,2.7
1307,95,3.8588235294117648
1310,84,5.0
1312,120,2.5
1318,90,2.0
1320,114,3.148936170212766
1321,97,3.4130434782608696
1322,95,1.5
1323,105,1.6666666666666667
1324,97,1.1666666666666667
1325,91,1.25
1326,104,1.125
1327,117,2.6333333333333333
1328,91,0.75
1329,103,2.75
1330,89,1.5
1331,113,2.0
1332,114,3.6666666666666665
1333,119,3.602272727272727
1334,86,3.0
1335,92,1.0
1336,88,1.0
1337,78,4.5
1339,128,3.4655172413793105
1340,75,3.1666666666666665
1341,116,3.75
1342,99,2.5
1343,128,3.78
1344,106,3.9642857142857144
1345,98,3.3472222222222223
1346,118,2.8125
1347,91,3.0
1348,94,3.53125
1349,97,5.0
1350,111,3.8181818181818183
1351,101,2.3333333333333335
1352,94,2.25
1353,126,3.375
1354,159,4.071428571428571
1355,101,2.0
1356,111,3.879120879120879
1357,105,4.0
1358,135,3.8404255319148937
1359,89,2.861111111111111
1361,150,4.083333333333333
1363,123,3.5
1365,102,3.5833333333333335
1366,124,3.9
1367,103,3.074468085106383
1370,124,3.4044117647058822
1371,143,3.0444444444444443
1372,110,3.3452380952380953
1373,107,2.6666666666666665
1374,113,3.7661290322580645
1375,105,3.261904761904762
1376,119,3.4767441860465116
1377,126,3.025
1378,107,3.1
1379,104,3.0
1380,110,3.139705882352941
1381,115,2.0789473684210527
1382,93,1.875
1385,103,2.8541666666666665
1387,124,4.0054945054945055
1388,116,2.6176470588235294
1389,99,1.4166666666666667
1390,101,2.6666666666666665
1391,106,3.0930232558139537
1392,106,4.125
1393,139,3.5941176470588236
1394,94,3.9913793103448274
1395,112,3.0
1396,126,3.4782608695652173
1397,98,4.0
1398,113,2.5
1399,98,3.1
1401,130,3.3333333333333335
1405,81,2.935483870967742
1406,111,4.5
1407,111,3.2
1408,112,3.8333333333333335
1409,105,2.5
1411,242,4.0
1412,112,3.5
1413,111,4.25
1414,104,3.0
1415,117,2.5
1416,135,3.4166666666666665
1417,144,3.25
1419,100,4.25
1422,107,2.75
1423,100,4.0
1425,93,3.0
1426,98,1.0
1427,100,1.0
1428,105,3.0
1429,107,3.575
1430,95,3.0
1431,88,2.46875
1432,117,2.7142857142857144
1437,105,4.25
1438,108,2.625
1439,105,2.1666666666666665
1440,96,1.5
1441,98,3.473684210526316
1442,106,3.5
1445,108,2.142857142857143
1446,111,4.428571428571429
1447,91,3.375
1449,84,3.875
1453,105,1.8333333333333333
1454,121,3.75
1456,84,2.0
1457,109,3.0833333333333335
1458,96,4.0
1459,121,2.6666666666666665
1460,89,3.25
1461,93,2.3125
1464,134,3.264705882352941
1465,140,3.3333333333333335
1466,127,3.7403846153846154
1468,79,2.6
1473,90,4.0
1474,105,2.1363636363636362
1475,117,4.0
1476,109,3.5384615384615383
1477,109,4.0
1479,116,3.216666666666667
1480,121,3.3636363636363638
1483,100,3.090909090909091
1484,87,3.6666666666666665
1485,86,3.0337837837837838
1487,127,3.0
1488,111,2.8333333333333335
1489,75,3.0
1490,91,1.5
1493,76,3.5
1495,99,2.0
1496,108,4.0
1497,93,4.0
1498,110,3.0
1499,89,1.9259259259259258
1500,107,3.610169491525424
1502,78,2.5
1503,95,3.0
1507,122,3.5
1513,92,2.9655172413793105
1514,130,3.0
1515,104,2.1
1516,101,3.0
1517,94,3.535
1518,93,3.3461538461538463
1519,92,1.0
1526,98,1.0
1527,126,3.7456896551724137
1529,82,3.3333333333333335
1533,90,4.5
1537,136,3.8076923076923075
1541,100,2.7
1542,108,3.7142857142857144
1544,129,2.753731343283582
1545,97,4.5
1546,96,3.5
1547,93,3.25
1549,105,4.0
1550,98,2.25
1551,84,2.1666666666666665
1552,115,3.0338983050847457
1554,126,2.4
1556,121,1.605263157894737
1562,125,2.2142857142857144
1564,98,4.0
1565,92,4.0
1566,93,3.4516129032258065
1569,105,3.5
1571,91,4.5
1572,103,3.0
1573,138,3.3701298701298703
1574,93,1.0
1580,98,3.487878787878788
1581,106,2.1666666666666665
1582,106,2.6
1583,89,3.0
1584,150,3.652439024390244
1585,101,3.0
1586,125,2.7954545454545454
1587,129,3.2580645161290325
1588,92,3.075
1589,105,3.28125
1590,96,2.94
1591,96,2.6346153846153846
1592,98,2.375
1593,101,2.8333333333333335
1594,97,4.083333333333333
1596,83,4.333333333333333
1597,135,2.941860465116279
1598,100,2.5
1599,97,2.3333333333333335
1600,100,3.5
1601,130,2.3333333333333335
1602,84,1.75
1603,105,2.4615384615384617
1604,97,3.3333333333333335
1605,101,2.75
1606,95,2.3333333333333335
1608,124,3.3448275862068964
1609,119,2.6666666666666665
1610,135,3.8722222222222222
1611,104,4.1
1612,86,3.0
1613,86,4.0
1614,90,2.7884615384615383
1615,117,3.0
1616,124,3.025
1617,138,4.061855670103093
1619,136,3.4285714285714284
1620,115,3.1153846153846154
1621,115,3.25
1623,90,2.25
1624,105,1.75
1625,129,3.7012987012987013
1626,105,2.6666666666666665
1627,125,3.357142857142857
1629,97,3.3333333333333335
1631,119,5.0
1633,113,4.0
1635,112,3.8823529411764706
1639,113,3.576923076923077
1641,91,3.7589285714285716
1642,98,1.75
1643,101,3.8
1644,101,2.109375
1645,144,3.411764705882353
1646,95,2.142857142857143
1647,94,2.5
1648,85,3.5
1649,80,2.5
1650,115,3.75
1652,106,4.5
1653,106,3.953488372093023
1654,99,3.5
1655,96,4.0
1656,115,4.0
1658,103,3.0625
1659,86,4.0
1660,108,3.0
1661,118,3.0
1662,116,3.0
1663,106,3.7941176470588234
1665,89,2.96875
1667,114,2.1
1670,103,3.0
1671,106,3.0
1672,135,3.375
1673,155,4.076923076923077
1674,112,3.65
1675,108,3.5
1676,129,3.33125
1677,107,2.0
1678,139,3.5
1679,95,2.0
1680,99,3.6
1681,95,1.9285714285714286
1682,103,3.812
1683,102,4.416666666666667
1684,97,3.5
1685,88,3.0
1686,122,3.6666666666666665
1687,124,3.2222222222222223
1688,94,3.35
1689,94,2.2142857142857144
1690,109,2.922222222222222
1693,155,3.5
1694,134,3.0
1695,98,4.0
1696,105,3.5
1699,110,4.0
1701,96,3.875
1702,93,3.0
1703,115,2.9
1704,126,4.078014184397163
1707,102,1.875
1711,155,3.1041666666666665
1713,98,3.0714285714285716
1717,120,2.9193548387096775
1718,94,3.25
1719,112,4.25
1721,194,3.414285714285714
1722,119,3.066666666666667
1726,177,2.6923076923076925
1727,169,3.75
1729,154,3.6979166666666665
1730,134,3.25
1731,87,1.75
1732,117,3.9245283018867925
1733,119,4.5
1734,88,4.055555555555555
1735,111,3.3181818181818183
1739,93,4.0
1746,93,2.0
1747,97,3.338709677419355
1748,100,3.8229166666666665
1752,97,2.5
1753,82,3.59375
1754,124,3.5
1755,109,4.1
1757,99,2.0
1759,110,5.0
1760,93,1.35
1762,106,2.3
1767,104,3.0
1769,87,2.9285714285714284
1770,92,2.5
1771,97,4.0
1772,123,2.7083333333333335
1777,97,3.419642857142857
1779,134,2.760869565217391
1783,114,2.8
1784,139,3.6979166666666665
1785,103,3.9
1791,94,2.3333333333333335
1792,131,3.0217391304347827
1793,106,4.0
1794,93,3.0
1797,44,4.25
1798,96,2.0
1799,106,3.423076923076923
1801,132,3.5
1804,122,3.0
1805,108,3.0161290322580645
1806,91,2.3125
1807,97,3.0
1809,103,4.0
1810,143,3.5
1812,88,3.6666666666666665
1816,84,2.0
1821,111,2.6666666666666665
1824,102,1.0
1825,104,3.5
1826,76,2.0
1827,91,3.3333333333333335
1829,99,3.25
1831,130,2.4482758620689653
1833,111,3.0
1834,110,4.0
1835,114,3.3823529411764706
1836,113,4.5
1837,97,2.25
1839,103,3.0
1840,136,3.2142857142857144
1841,114,3.0
1844,103,3.875
1845,116,3.966666666666667
1848,89,3.0416666666666665
1855,94,2.5714285714285716
1856,95,4.0
1857,105,3.5
1858,101,2.5625
1859,95,3.6666666666666665
1860,122,2.625
1862,93,1.9444444444444444
1863,100,2.4285714285714284
1866,91,2.9285714285714284
1867,83,2.0
1870,97,3.0
1873,134,3.75
1875,96,3.9166666666666665
1876,120,3.0697674418604652
1881,86,2.0
1882,139,1.9545454545454546
1883,108,3.2708333333333335
1884,118,3.967391304347826
1885,105,3.125
1887,90,2.0
1888,114,2.6666666666666665
1889,96,3.75
1891,93,2.0
1892,107,3.28125
1893,109,4.5
1894,102,2.84375
1895,100,3.3333333333333335
1897,101,3.5
1900,89,4.0
1902,90,4.0
1904,137,3.3333333333333335
1906,103,2.5
1907,87,3.566666666666667
1909,121,3.4404761904761907
1910,107,2.0
1911,85,2.609375
1912,123,3.859375
1913,115,4.0
1914,89,3.388888888888889
1916,110,3.4166666666666665
1917,151,3.0543478260869565
1918,127,2.8484848484848486
1919,88,2.5
1920,108,2.8333333333333335
1921,84,3.851063829787234
1922,112,3.5
1923,119,3.676190476190476
1924,79,3.1875
1926,100,3.0
1927,152,4.35
1928,123,3.5
1929,112,4.0
1931,132,4.166666666666667
1932,176,3.5
1933,116,3.0
1934,126,3.8333333333333335
1936,134,4.0
1937,126,3.25
1938,101,4.0
1939,170,4.0625
1940,118,4.0
1941,154,3.5
1942,110,4.25
1944,118,3.9545454545454546
1945,108,4.1875
1946,90,3.8333333333333335
1947,153,3.6029411764705883
1948,129,3.642857142857143
1949,120,4.333333333333333
1950,110,4.181818181818182
1951,153,3.5714285714285716
1952,113,3.9545454545454546
1953,104,3.871794871794872
1954,120,3.828125
1955,105,3.892857142857143
1956,124,4.0
1957,125,4.038461538461538
1958,132,3.7954545454545454
1959,,3.6666666666666665
1960,,3.6923076923076925
1961,133,3.8072916666666665
1962,99,3.739130434782609
1963,85,3.3636363636363638
1964,114,4.083333333333333
1965,92,3.380952380952381
1966,98,3.625
1967,101,3.8214285714285716
1968,97,3.7787610619469025
1969,87,2.35
1970,96,2.9166666666666665
1971,93,2.4285714285714284
1972,89,2.142857142857143
1973,89,2.2
1974,95,2.875
1975,87,2.5
1976,95,2.2142857142857144
1977,91,2.5833333333333335
1978,92,2.5
1979,86,3.25
1980,88,2.0
1981,100,2.0
1982,91,3.7222222222222223
1983,92,2.4
1984,98,2.1666666666666665
1985,88,2.0
1986,96,1.5
1987,92,2.5
1990,92,4.0
1991,87,2.7083333333333335
1992,84,2.375
1993,90,1.8
1994,114,3.425531914893617
1995,91,1.6666666666666667
1996,98,1.875
1997,122,3.80188679245283
1998,117,1.5
1999,110,2.0
2000,109,3.6733333333333333
2001,114,3.1808510638297873
2002,118,2.9347826086956523
2003,106,3.3780487804878048
2004,106,3.3333333333333335
2005,114,3.5701754385964914
2006,136,3.1
2007,105,3.5
2008,100,3.0
2009,97,3.473684210526316
2010,153,3.857142857142857
2011,108,3.5057471264367814
2012,118,3.3693181818181817
2013,117,3.0952380952380953
2014,98,2.625
2015,97,3.388888888888889
2016,88,2.875
2017,106,3.1
2018,69,3.3684210526315788
2019,207,4.1875
2020,119,4.0
2021,137,3.4324324324324325
2022,164,3.6875
2023,162,3.3555555555555556
2024,100,3.3333333333333335
2025,137,3.9285714285714284
2026,84,2.0
2027,87,1.8333333333333333
2028,169,4.1462765957446805
2032,96,2.0
2033,80,3.75
2034,98,2.611111111111111
2035,106,3.6666666666666665
2036,93,2.25
2037,101,4.0
2038,104,2.3333333333333335
2040,91,2.857142857142857
2041,90,3.3333333333333335
2042,106,2.5833333333333335
2043,93,2.75
2044,96,2.5
2046,90,3.2083333333333335
2048,74,3.5625
2050,100,2.875
2051,105,2.3333333333333335
2052,96,2.760869565217391
2053,89,2.05
2054,93,2.7573529411764706
2055,90,3.0
2056,98,3.0
2057,80,3.375
2058,140,3.35
2059,128,3.0
2060,103,3.0714285714285716
2064,91,3.838709677419355
2065,82,3.730769230769231
2066,97,4.125
2067,197,4.142857142857143
2068,188,2.75
2069,108,4.25
2070,92,3.4
2071,141,3.25
2072,102,3.176470588235294
2073,91,3.6
2074,118,3.6666666666666665
2075,146,5.0
2076,120,3.9456521739130435
2077,101,3.4
2078,78,3.830188679245283
2080,76,3.4
2081,83,3.425373134328358
2082,104,2.6538461538461537
2083,85,3.736842105263158
2084,121,2.7
2085,79,3.4318181818181817
2087,77,3.573170731707317
2088,114,2.5
2089,77,3.5
2090,77,3.1923076923076925
2091,95,2.25
2092,69,2.4166666666666665
2093,113,3.0
2094,108,3.2564102564102564
2095,91,2.8333333333333335
2096,75,3.409090909090909
2097,95,2.9
2098,102,2.5
2099,94,3.4166666666666665
2100,111,3.1176470588235294
2102,8,2.3333333333333335
2103,96,2.5
2104,103,4.0
2105,96,3.34
2106,112,3.7
2107,86,3.0
2108,95,3.4791666666666665
2109,94,3.3703703703703702
2110,88,3.3055555555555554
2111,93,3.25
2112,134,3.1875
2114,91,3.71875
2115,118,3.638888888888889
2116,132,3.1333333333333333
2117,113,3.7142857142857144
2118,103,3.7333333333333334
2119,98,1.3333333333333333
2120,121,2.0
2121,93,2.2142857142857144
2122,92,2.4545454545454546
2123,84,2.7
2124,99,3.289473684210526
2125,121,3.619047619047619
2126,98,2.7666666666666666
2130,104,3.6875
2131,99,4.625
2132,131,4.142857142857143
2133,102,3.325
2134,94,3.1136363636363638
2135,152,3.772727272727273
2136,107,2.4642857142857144
2137,94,3.5476190476190474
2138,91,4.05
2139,82,3.4761904761904763
2140,93,3.5441176470588234
2141,80,3.1666666666666665
2142,75,2.7
2143,94,3.076923076923077
2144,93,3.6020408163265305
2145,97,3.242424242424242
2146,110,3.21875
2147,98,2.6666666666666665
2148,93,3.0555555555555554
2149,88,1.75
2150,109,3.892857142857143
2151,98,3.75
2152,90,2.0
2153,89,2.3181818181818183
2154,124,1.75
2155,91,3.625
2156,101,4.0
2159,83,3.9285714285714284
2160,137,4.171875
2161,102,3.5813953488372094
2162,90,2.5
2163,83,2.2
2164,83,1.0
2165,100,3.5
2166,111,2.5
2167,120,3.3620689655172415
2169,96,2.2857142857142856
2170,87,2.4
2171,104,3.3125
2172,97,3.0
2174,92,3.4725274725274726
2175,117,4.5
2176,80,3.9
2177,120,3.1666666666666665
2178,116,3.5
2179,143,3.0
2180,128,3.5
2181,130,3.625
2182,105,2.875
2183,120,3.5555555555555554
2184,99,3.4166666666666665
2185,95,4.0
2186,101,3.98
2187,110,3.5
2188,93,2.0
2190,116,2.0
2193,126,3.3375
2194,119,3.9384615384615387
2195,82,3.2142857142857144
2196,91,5.0
2201,125,3.5
2202,97,4.357142857142857
2203,108,4.142857142857143
2204,109,3.875
2205,95,2.875
2206,99,4.0
2207,108,3.0
2208,96,3.9166666666666665
2210,76,3.25
2211,86,3.0
2212,75,3.6666666666666665
2226,116,1.0
2227,92,3.5
2231,121,3.861111111111111
2232,90,3.425925925925926
2236,114,3.0
2239,114,4.666666666666667
2240,96,3.857142857142857
2241,98,3.5
2243,133,3.4285714285714284
2244,108,1.5
2245,113,3.2045454545454546
2247,104,3.0
2248,100,3.923076923076923
2249,97,3.1818181818181817
2252,119,2.5
2253,118,2.375
2255,96,1.5
2256,85,2.5
2257,102,4.0
2259,100,3.1875
2260,109,2.5
2261,93,3.0
2262,113,3.0
2263,97,2.8
2264,106,2.75
2265,94,2.375
2266,107,3.1
2267,103,2.5
2268,138,3.789473684210526
2269,117,3.0
2271,88,3.0
2272,127,2.75
2273,98,3.261904761904762
2275,91,3.6
2278,122,3.5232558139534884
2279,99,2.4
2280,104,3.0
2281,93,2.5
2282,87,3.4166666666666665
2283,138,3.5
2286,100,2.0
2287,94,3.8
2288,109,3.933333333333333
2289,124,3.9473684210526314
2290,89,3.6
2291,105,3.7
2292,87,2.5
2294,83,3.2444444444444445
2295,101,4.5
2296,82,2.1
2297,113,3.642857142857143
2298,85,4.0
2300,88,3.9696969696969697
2301,92,3.625
2302,120,3.26271186440678
2303,160,3.6
2304,87,4.0
2306,114,2.5833333333333335
2307,90,3.0
2310,100,3.6666666666666665
2311,116,3.588235294117647
2312,119,3.8333333333333335
2313,124,4.029411764705882
2314,172,4.5
2315,89,2.1666666666666665
2316,104,3.2142857142857144
2318,134,4.125
2320,111,3.0
2321,124,3.4836065573770494
2322,99,3.0625
2323,76,4.25
2324,116,4.1477272727272725
2325,94,3.1153846153846154
2327,93,3.6666666666666665
2328,108,2.4285714285714284
2329,119,4.217054263565892
2330,98,4.5
2331,100,3.0
2332,96,1.25
2333,105,4.125
2334,116,2.8076923076923075
2335,90,3.1785714285714284
2336,124,3.6739130434782608
2337,118,3.375
2338,100,2.0555555555555554
2339,86,1.5
2340,178,3.05
2342,92,4.0
2344,111,3.25
2346,115,3.1818181818181817
2347,121,2.3333333333333335
2348,112,3.4375
2349,104,3.5
2350,100,3.5
2351,110,4.285714285714286
2352,105,3.84
2353,132,3.4925373134328357
2354,79,2.5
2355,95,3.516304347826087
2356,113,2.6
2357,110,4.416666666666667
2358,103,4.0
2359,91,3.673076923076923
2360,105,4.458333333333333
2361,93,2.75
2362,65,4.0
2363,96,2.1666666666666665
2364,87,1.5
2365,97,2.5
2366,100,3.64
2367,134,2.7142857142857144
2368,105,2.0
2369,104,2.6666666666666665
2370,114,3.0
2371,98,3.0833333333333335
2372,95,2.2222222222222223
2373,89,2.2777777777777777
2374,112,3.1666666666666665
2375,91,2.9285714285714284
2376,131,3.2142857142857144
2377,101,2.5
2378,96,3.022727272727273
2379,87,2.4583333333333335
2380,83,2.3
2381,88,2.142857142857143
2382,90,2.5
2383,84,1.5
2384,97,2.7758620689655173
2385,91,2.3333333333333335
2387,100,3.4375
2388,94,4.0
2389,105,1.8888888888888888
2390,97,3.9285714285714284
2391,121,3.7954545454545454
2392,101,1.9375
2393,103,3.1515151515151514
2394,99,3.5
2395,93,3.544642857142857
2396,123,3.777173913043478
2398,96,4.0588235294117645
2399,107,2.25
2400,103,3.0
2401,115,3.8125
2402,96,2.6578947368421053
2403,93,3.55
2404,102,1.9166666666666667
2405,106,2.8095238095238093
2406,106,3.4537037037037037
2407,117,3.2674418604651163
2408,116,2.3333333333333335
2409,119,3.1923076923076925
2410,99,2.7291666666666665
2411,91,2.706896551724138
2412,104,1.9411764705882353
2413,94,3.388888888888889
2414,109,3.3636363636363638
2415,88,3.0
2416,96,2.90625
2417,108,1.0
2418,118,2.75
2419,89,3.75
2420,126,3.5657894736842106
2421,113,2.7758620689655173
2422,112,1.75
2423,97,3.566666666666667
2424,119,3.12
2425,124,4.0
2427,170,3.3
2428,104,2.4782608695652173
2429,114,2.8
2430,94,2.8333333333333335
2431,115,3.3703703703703702
2432,125,3.0833333333333335
2433,115,3.0454545454545454
2435,122,4.0
2436,117,4.25
2439,114,3.1666666666666665
2442,121,3.8333333333333335
2443,121,3.375
2445,128,2.6875
2446,100,2.0
2447,106,3.2666666666666666
2448,99,2.6666666666666665
2450,110,2.15625
2451,85,3.0
2453,114,2.1666666666666665
2454,94,3.3846153846153846
2455,96,3.383720930232558
2456,105,2.2777777777777777
2457,107,3.5625
2458,88,2.75
2459,83,3.269230769230769
2460,101,2.0
2462,87,3.0
2463,93,3.3214285714285716
2465,91,1.5
2467,130,3.75
2468,105,2.5
2469,103,3.2142857142857144
2470,97,3.175438596491228
2471,108,2.4791666666666665
2472,104,3.0
2473,104,2.5625
2474,119,3.5
2475,110,3.6666666666666665
2476,130,3.75
2477,105,3.3333333333333335
2478,104,3.1346153846153846
2481,105,4.0
2482,95,3.0
2483,103,3.5
2485,95,2.8448275862068964
2488,101,3.0
2490,100,3.422222222222222
2491,96,3.6
2492,87,3.0
2493,126,4.0
2494,87,4.0
2495,72,4.0
2496,112,3.108695652173913
2497,126,2.9166666666666665
2498,94,2.1
2500,86,2.0
2501,108,3.75
2502,89,4.090425531914893
2503,86,4.0
2504,101,3.1666666666666665
2505,123,2.9444444444444446
2506,129,3.3333333333333335
2511,112,4.666666666666667
2512,130,5.0
2513,103,2.85
2514,100,1.8333333333333333
2515,92,1.75
2516,92,1.0
2517,110,2.95
2518,106,3.05
2520,137,2.1666666666666665
2521,107,3.5
2522,114,3.25
2523,119,2.5
2524,165,3.2222222222222223
2525,91,2.0
2526,108,1.8333333333333333
2527,88,3.4166666666666665
2528,119,3.2291666666666665
2529,112,3.8035714285714284
2530,95,2.7777777777777777
2531,93,2.7777777777777777
2532,88,2.7916666666666665
2533,98,3.0
2534,91,2.5
2535,122,2.6666666666666665
2537,114,2.0
2538,98,1.0
2539,103,3.095744680851064
2540,110,2.5
2541,97,3.225
2542,107,4.052238805970149
2544,110,3.0
2546,106,3.25
2548,104,1.8333333333333333
2549,100,2.9166666666666665
2550,112,4.0
2551,116,3.6875
2552,85,1.5
2553,77,3.0833333333333335
2554,89,3.1666666666666665
2555,97,1.6666666666666667
2557,93,4.5
2558,105,2.3333333333333335
2559,88,3.0
2560,101,3.0
2561,127,2.75
2563,111,4.166666666666667
2565,133,4.166666666666667
2566,77,2.0
2567,122,2.973684210526316
2568,92,3.1875
2570,107,3.2
2571,136,4.192446043165468
2572,97,3.5277777777777777
2573,115,1.0
2574,90,2.0
2575,113,3.75
2577,105,3.0
2579,69,3.8333333333333335
2580,102,3.9615384615384617
2581,107,2.9583333333333335
2582,104,3.0
2583,118,3.875
2585,112,4.25
2586,102,1.75
2587,108,3.25
2589,103,3.5
2590,98,2.5
2593,112,3.375
2594,119,3.75
2596,97,3.7916666666666665
2597,100,2.75
2598,124,2.84
2599,103,3.6607142857142856
2600,97,3.8636363636363638
2605,113,2.988372093023256
2606,92,2.566666666666667
2607,108,4.0
2609,91,4.0
2611,104,3.0
2612,111,4.0
2613,95,2.875
2614,77,1.0
2615,94,2.875
